{
    "Cheung 2004": {
        "1": {
            "corrected_image": [
                4.93136140731136,
                4.450553522614501,
                4.872977778026173,
                4.858755040928785,
                4.588166582100018,
                4.745201809548909,
                4.446098282096191
            ],
            "swatches": [
                4.930571670608231,
                4.469892374176469,
                4.872987529418276,
                4.872728187865793,
                4.586052880483002,
                4.759885798333483,
                4.4488597891158905
            ]
        },
        "2": {
            "corrected_image": [
                4.93136140731136,
                4.450553522614501,
                4.872977778026173,
                4.858755040928785,
                4.588166582100018,
                4.745201809548909,
                4.446098282096191
            ],
            "swatches": [
                4.930571670608231,
                4.469892374176469,
                4.872987529418276,
                4.872728187865793,
                4.586052880483002,
                4.759885798333483,
                4.4488597891158905
            ]
        },
        "3": {
            "corrected_image": [
                4.93136140731136,
                4.450553522614501,
                4.872977778026173,
                4.858755040928785,
                4.588166582100018,
                4.745201809548909,
                4.446098282096191
            ],
            "swatches": [
                4.930571670608231,
                4.469892374176469,
                4.872987529418276,
                4.872728187865793,
                4.586052880483002,
                4.759885798333483,
                4.4488597891158905
            ]
        },
        "4": {
            "corrected_image": [
                4.93136140731136,
                4.450553522614501,
                4.872977778026173,
                4.858755040928785,
                4.588166582100018,
                4.745201809548909,
                4.446098282096191
            ],
            "swatches": [
                4.930571670608231,
                4.469892374176469,
                4.872987529418276,
                4.872728187865793,
                4.586052880483002,
                4.759885798333483,
                4.4488597891158905
            ]
        }
    },
    "Finlayson 2015": {
        "1": {
            "corrected_image": [
                4.93136140731136,
                4.450553522614501,
                4.872977778026173,
                4.858755040928785,
                4.588166582100018,
                4.745201809548909,
                4.446098282096191
            ],
            "swatches": [
                4.930571670608231,
                4.469892374176469,
                4.872987529418276,
                4.872728187865793,
                4.586052880483002,
                4.759885798333483,
                4.4488597891158905
            ]
        },
        "2": {
            "corrected_image": [
                4.398435407859909,
                3.8348319481612343,
                4.385264808038035,
                3.951104143498616,
                4.06586899175843,
                4.045517062173327,
                3.210701084147287
            ],
            "swatches": [
                4.395180254121997,
                3.8404706142690395,
                4.385033053838627,
                3.9679120466360676,
                4.0721210736619495,
                4.046070311318818,
                3.214358532474412
            ]
        },
        "3": {
            "corrected_image": [
                3.478788726253017,
                3.1299431259231514,
                3.304784353668706,
                3.144738717704629,
                3.3803779879944487,
                3.2013683225033858,
                2.8070869508976464
            ],
            "swatches": [
                3.477918195702926,
                3.1378253335176187,
                3.304237507243144,
                3.143209534312336,
                3.373148684309715,
                3.203346083869274,
                2.8118590808885315
            ]
        },
        "4": {
            "corrected_image": [
                null,
                null,
                null,
                null,
                null,
                null,
                null
            ],
            "swatches": [
                0.6542210168762276,
                0.5917961678504452,
                0.26946375016330276,
                0.6293945572476235,
                0.41423243202984256,
                0.3417480598211895,
                0.7204585681023259
            ]
        }
    },
    "NoCorrection": [
        6.145818981995298,
        5.07858559279711,
        8.142291618673163,
        6.844893948539716,
        5.1241836894316934,
        8.686848782776828,
        6.7479309279589605
    ],
    "Vandermonde": {
        "1": {
            "corrected_image": [
                5.704682298291847,
                5.587410785779606,
                5.646343209663033,
                5.258440836384865,
                5.70610238800618,
                5.451412575256729,
                5.278710779715323
            ],
            "swatches": [
                5.704684640311122,
                5.636587346164398,
                5.6479828301636585,
                5.263139550963785,
                5.7042469680505805,
                5.430125744942743,
                5.273908989153775
            ]
        },
        "2": {
            "corrected_image": [
                5.388450443635148,
                4.94322755371618,
                5.119937890068689,
                4.946919337748752,
                4.897578592653889,
                4.656020832891484,
                4.5882464857951595
            ],
            "swatches": [
                5.354687380423067,
                4.933941611761895,
                5.139835207080721,
                4.959713746883431,
                4.93075411815571,
                4.659935545211532,
                4.5947254267147715
            ]
        },
        "3": {
            "corrected_image": [
                4.533876169270598,
                4.293144024450258,
                4.398452813791933,
                4.665518851336077,
                4.586490177661764,
                3.971847942068088,
                4.5130626856150595
            ],
            "swatches": [
                4.517935434614494,
                4.305341479451362,
                4.414056033113984,
                4.67937091327502,
                4.572679326638991,
                3.977740669719386,
                4.509991408322646
            ]
        },
        "4": {
            "corrected_image": [
                null,
                null,
                null,
                null,
                null,
                null,
                null
            ],
            "swatches": [
                3.8534988103084573,
                4.0853446639376045,
                3.7347891822561956,
                4.166915293794598,
                3.840576591469162,
                3.475000490745019,
                3.9746015557368324
            ]
        }
    }
}